<?xml version="1.0"?>
<pagescount>
	<html_total>9</html_total>
	<html_done>1</html_done>
	<images>72</images>
	<script>7</script>
	<css>6</css>
	<pdf/>
	<documents/>
	<excel/>
	<powerpoint/>
	<flash/>
	<audios/>
	<videos/>
	<xml/>
	<json/>
	<txt/>
	<autocad/>
	<fonts>15</fonts>
	<scraping_reload>1</scraping_reload>
	<is_pretty_url>false</is_pretty_url>
	<is_ebn>false</is_ebn>
	<email>chetanpm9898@gmail.com</email>
	<theme_name>WmdTheme699945</theme_name>
	<server_url_front_page>https://www6.waybackmachinedownloader.com/wdo/files/demo/smartcity.com_chetanpm9898_gmail.com_ckgk6onbf3/</server_url_front_page>
	<no_www_url>smartcity.com</no_www_url>
	<hosted_domain/>
	<original_archive_url>https://smartcity.com/</original_archive_url>
	<final_archive_url>https://smartcity.com/</final_archive_url>
	<front_page_code_date/>
	<total_urls_from_api/>
	<max_reached_live>false</max_reached_live>
	<scrape_other_captures>false</scrape_other_captures>
	<total_size>8</total_size>
</pagescount>
